   51,   1,BN01, 4254.58, 7042.22,2002-08-01:06:59,                ,     ,     ,   20,   8,   15,    0,    4,   20.0,
   51,   1,BN01, 4254.58, 7042.22,2002-08-05:08:47,                ,     ,     ,   20,   8,   10,    2,    6,   20.0,
   51,   1,BN01, 4254.58, 7042.22,2002-08-11:08:18,                ,     ,     ,   20,   8,   17,    1,    5,   20.0,
   51,   1,BN01, 4254.58, 7042.22,2002-08-15:07:27,                ,     ,     ,   20,   8,    9,    2,    3,   20.0,
   51,   1,BN01, 4254.58, 7042.22,2002-08-19:10:24,                ,     ,     ,   20,   8,   13,    0,    4,   20.0,
   51,   1,BN01, 4254.58, 7042.22,2002-08-25:07:25,                ,     ,     ,   20,   8,   29,    1,    5,   20.0,
   51,   1,BN01, 4254.58, 7042.22,2002-08-30:08:05,                ,     ,     ,   20,   8,   14,    0,    2,   20.0,
   51,   1,BN01, 4254.58, 7042.22,2002-09-06:08:13,                ,     ,     ,   20,   8,   18,    1,    3,   20.0,
   51,   1,BN01, 4254.58, 7042.22,2002-09-11:08:12,                ,     ,     ,   20,   8,   22,    2,    5,   20.0,
   51,   1,BN01, 4254.58, 7042.22,2002-09-18:08:32,                ,     ,     ,   20,   8,   23,    0,    6,   20.0,
   51,   1,BN01, 4254.58, 7042.22,2002-09-22:08:14,                ,     ,     ,   20,   8,    8,    0,    3,   20.0,
   51,   1,BN01, 4254.58, 7042.22,2002-09-30:09:03,                ,     ,     ,   20,   8,   20,    1,    4,   20.0,
   51,   1,BN01, 4254.58, 7042.22,2002-10-07:08:48,                ,     ,     ,   20,   8,   26,    0,    8,   20.0,
   51,   1,BN01, 4254.58, 7042.22,2002-10-15:09:05,                ,     ,     ,   20,   8,   16,    7,    7,   20.0,
   51,   1,BN01, 4254.58, 7042.22,2002-10-22:09:28,                ,     ,     ,   20,   8,   25,    7,    8,   20.0,
   51,   1,BN01, 4254.58, 7042.22,2002-10-28:09:03,                ,     ,     ,   20,   8,   14,    4,    9,   20.0,
   51,   1,BN01, 4254.58, 7042.22,2002-11-01:09:12,                ,     ,     ,   20,   8,   16,    3,   17,   20.0,
   51,   1,BN01, 4254.58, 7042.22,2002-11-08:09:45,                ,     ,     ,   20,   8,   18,    6,    5,   20.0,
   51,   3,BN01, 4254.64, 7042.24,2003-12-21:11:12,                ,     ,     ,   20,   8,    9,   11,    0,   20.0,
   51,   3,BN01, 4254.64, 7042.24,2003-12-29:08:45,                ,     ,     ,   20,   8,   20,   19,    2,   20.0,
   51,   3,BN01, 4254.64, 7042.24,2004-01-18:12:00,                ,     ,     ,   20,   8,    9,    2,    4,   20.0,
   51,   3,BN01, 4254.64, 7042.24,2004-01-22:06:51,                ,     ,     ,   20,   8,    3,    4,    0,   20.0,
   51,   3,BN01, 4254.64, 7042.24,2004-02-11:06:50,                ,     ,     ,   20,   8,    1,    2,    0,   20.0,
   51,   3,BN01, 4254.64, 7042.24,2004-02-29:07:56,                ,     ,     ,   20,   8,    3,    3,    3,   20.0,
   51,   3,BN01, 4254.64, 7042.24,2004-03-10:09:27,                ,     ,     ,   20,   8,    0,    3,    1,   20.0,
   51,   3,BN01, 4254.64, 7042.24,2004-03-20:09:18,                ,     ,     ,   20,   8,    2,    0,    0,   20.0,
   51,   3,BN01, 4254.64, 7042.24,2004-04-21:10:00,                ,     ,     ,   20,   8,    4,    3,    1,   20.0,
   51,   3,BN01, 4254.64, 7042.24,2004-05-04:12:15,                ,     ,     ,   20,   8,    6,   12,    4,   20.0,
   51,   3,BN01, 4254.64, 7042.24,2004-05-21:11:35,                ,     ,     ,   20,   8,   12,    9,    6,   20.0,
   51,   3,BN01, 4254.64, 7042.24,2004-06-30:05:55,                ,     ,     ,   20,   8,   10,    1,    3,   20.0,
   51,   3,BN01, 4254.64, 7042.24,2004-08-06:11:15,                ,     ,     ,   20,   8,    2,    2,    2,   20.0,
   51,   3,BN01, 4254.64, 7042.24,2004-08-22:07:38,                ,     ,     ,   20,   8,    3,    2,    2,   20.0,
   51,   3,BN01, 4254.64, 7042.24,2004-08-25:08:39,                ,     ,     ,   20,   8,    2,    0,    2,   20.0,
   51,   3,BN01, 4254.64, 7042.24,2004-09-01:07:28,                ,     ,     ,   20,   8,    4,    0,    2,   20.0,
   51,   3,BN01, 4254.64, 7042.24,2004-09-07:07:30,                ,     ,     ,   20,   8,    3,    2,    1,   20.0,
   51,   3,BN01, 4254.64, 7042.24,2004-09-11:08:25,                ,     ,     ,   20,   8,    3,    1,    0,   20.0,
   51,   3,BN01, 4254.64, 7042.24,2004-09-14:11:42,                ,     ,     ,   20,   8,    4,    3,    0,   20.0,
   51,   3,BN01, 4254.64, 7042.24,2004-09-19:10:17,                ,     ,     ,   20,   8,    2,    2,    0,   20.0,
   51,   3,BN01, 4254.64, 7042.24,2004-09-25:10:18,                ,     ,     ,   20,   8,   10,    3,    3,   20.0,
   51,   3,BN01, 4254.64, 7042.24,2004-09-30:07:27,                ,     ,     ,   20,   8,    5,    5,    3,   20.0,
   51,   3,BN01, 4254.64, 7042.24,2004-10-04:09:15,                ,     ,     ,   20,   8,   12,    6,    0,   20.0,
   51,   3,BN01, 4254.64, 7042.24,2004-10-08:08:31,                ,     ,     ,   20,   8,    3,    8,    1,   20.0,
   51,   3,BN01, 4254.64, 7042.24,2004-10-14:07:33,                ,     ,     ,   20,   8,    7,    5,    0,   20.0,
   51,   3,BN01, 4254.64, 7042.24,2004-10-19:07:48,                ,     ,     ,   20,   8,    9,    9,    4,   20.0,
   51,   3,BN01, 4254.64, 7042.24,2004-10-28:08:32,                ,     ,     ,   20,   8,   13,    7,    2,   20.0,
   51,   3,BN01, 4254.64, 7042.24,2004-11-02:08:05,                ,     ,     ,   20,   8,   20,   13,    6,   20.0,
   51,   3,BN01, 4254.64, 7042.24,2004-11-10:10:18,                ,     ,     ,   20,   8,   12,    8,    6,   20.0,
   51,   3,BN01, 4254.64, 7042.24,2004-11-16:07:50,                ,     ,     ,   20,   8,   16,   16,    1,   20.0,
   51,   3,BN01, 4254.64, 7042.24,2004-11-20:08:35,                ,     ,     ,   20,   8,   18,   12,    2,   20.0,
   51,   3,BN01, 4254.64, 7042.24,2004-11-24:08:37,                ,     ,     ,   20,   8,    7,    7,    3,   20.0,
   51,   3,BN01, 4254.64, 7042.24,2004-12-03:09:09,                ,     ,     ,   20,   8,   12,   13,    5,   20.0,
   51,   3,BN01, 4254.64, 7042.24,2004-12-09:10:44,                ,     ,     ,   20,   8,   14,   11,    6,   20.0,
   51,   3,BN01, 4254.64, 7042.24,2004-12-16:11:02,                ,     ,     ,   20,   8,   13,   16,    4,   20.0,
   51,   3,BN01, 4254.64, 7042.24,2004-12-22:11:28,                ,     ,     ,   20,   8,    9,    7,    2,   20.0,
   51,   3,BN01, 4254.64, 7042.24,2005-01-02:10:51,                ,     ,     ,   20,   8,    5,   10,    1,   20.0,
   51,   3,BN01, 4254.64, 7042.24,2005-01-15:10:12,                ,     ,     ,   20,   8,    0,    2,    2,   20.0,
   51,   3,BN01, 4254.64, 7042.24,2005-01-29:10:44,                ,     ,     ,   20,   8,    2,    6,    0,   20.0,
   51,   3,BN01, 4254.64, 7042.24,2005-02-09:09:36,                ,     ,     ,   20,   8,    1,    1,    0,   20.0,
   51,   3,BN01, 4254.64, 7042.24,2005-03-06:08:26,                ,     ,     ,   20,   8,    1,    0,    0,   20.0,
   51,   4,BN01, 4254.64, 7042.24,2005-04-09:09:45,                ,     ,     ,   20,   8,    1,    9,    0,   20.0,
   51,   4,BN01, 4254.64, 7042.24,2005-04-29:22:33,                ,     ,     ,   20,   8,    1,   15,    2,   20.0,
   51,   4,BN01, 4254.64, 7042.24,2005-05-30:08:17,                ,     ,     ,   20,   8,    2,   10,    9,   20.0,
   51,   4,BN01, 4254.64, 7042.24,2005-06-21:10:05,                ,     ,     ,   20,   8,    1,    0,    5,   20.0,
   51,   4,BN01, 4254.64, 7042.24,2005-07-31:07:28,                ,     ,     ,   20,   8,    1,    1,    1,   20.0,
   51,   4,BN01, 4254.64, 7042.24,2005-08-17:09:11,                ,     ,     ,   20,   8,    0,    4,    6,   20.0,
   51,   4,BN01, 4254.64, 7042.24,2005-08-25:06:57,                ,     ,     ,   20,   8,    3,    0,    2,   20.0,
   51,   4,BN01, 4254.64, 7042.24,2005-09-01:06:52,                ,     ,     ,   20,   8,    1,    3,    3,   20.0,
   51,   4,BN01, 4254.64, 7042.24,2005-09-07:06:43,                ,     ,     ,   20,   8,    5,    3,    2,   20.0,
   51,   4,BN01, 4254.64, 7042.24,2005-09-10:07:35,                ,     ,     ,   20,   8,    5,    3,    0,   20.0,
   51,   4,BN01, 4254.64, 7042.24,2005-09-13:08:32,                ,     ,     ,   20,   8,    4,    1,    0,   20.0,
   51,   4,BN01, 4254.64, 7042.24,2005-09-16:10:34,                ,     ,     ,   20,   8,    3,    0,    0,   20.0,
   51,   4,BN01, 4254.64, 7042.24,2005-09-20:09:32,                ,     ,     ,   20,   8,    7,    5,    0,   20.0,
   51,   4,BN01, 4254.64, 7042.24,2005-09-23:10:54,                ,     ,     ,   20,   8,    4,    1,    1,   20.0,
   51,   4,BN01, 4254.64, 7042.24,2005-09-28:07:32,                ,     ,     ,   20,   8,    5,    3,    0,   20.0,
   51,   4,BN01, 4254.64, 7042.24,2005-10-03:07:45,                ,     ,     ,   20,   8,    2,    2,    2,   20.0,
   51,   4,BN01, 4254.64, 7042.24,2005-10-07:08:35,                ,     ,     ,   20,   8,    4,    3,    0,   20.0,
   51,   4,BN01, 4254.64, 7042.24,2005-10-21:10:00,                ,     ,     ,   20,   8,   15,    3,    1,   20.0,
   51,   4,BN01, 4254.64, 7042.24,2005-10-28:11:20,                ,     ,     ,   20,   8,   19,    8,    6,   20.0,
   51,   4,BN01, 4254.64, 7042.24,2005-11-02:10:18,                ,     ,     ,   20,   8,    9,   10,    8,   20.0,
   51,   4,BN01, 4254.64, 7042.24,2005-11-09:10:45,                ,     ,     ,   20,   8,    9,    9,    6,   20.0,
   51,   4,BN01, 4254.64, 7042.24,2005-11-14:11:12,                ,     ,     ,   20,   8,    8,    6,    3,   20.0,
   51,   4,BN01, 4254.64, 7042.24,2005-11-19:09:53,                ,     ,     ,   20,   8,   10,   10,    5,   20.0,
   51,   4,BN01, 4254.64, 7042.24,2005-11-26:11:12,                ,     ,     ,   20,   8,   11,   12,    5,   20.0,
   51,   4,BN01, 4254.64, 7042.24,2005-12-04:11:36,                ,     ,     ,   20,   8,   11,    4,    5,   20.0,
   51,   4,BN01, 4254.64, 7042.24,2005-12-12:10:58,                ,     ,     ,   20,   8,   12,    4,    3,   20.0,
   51,   4,BN01, 4254.64, 7042.24,2005-12-18:11:05,                ,     ,     ,   20,   8,   11,   16,    5,   20.0,
   51,   4,BN01, 4254.64, 7042.24,2005-12-24:09:45,                ,     ,     ,   20,   8,    3,   10,    4,   20.0,
   49,   5,BN01, 4254.60, 7042.20,2006-03-24:09:10,                ,     ,     ,   20,   8,    0,    3,    1,   20.0,
   49,   5,BN01, 4254.60, 7042.20,2006-04-07:08:44,                ,     ,     ,   20,   8,    0,    8,    0,   20.0,
   49,   5,BN01, 4254.60, 7042.20,2006-06-22:09:33,                ,     ,     ,   20,   8,    3,    0,    0,   20.0,
   49,   5,BN01, 4254.60, 7042.20,2006-07-05:06:34,                ,     ,     ,   20,   8,    4,    5,    1,   20.0,
   49,   5,BN01, 4254.60, 7042.20,2006-07-12:07:08,                ,     ,     ,   20,   8,    3,    1,    3,   20.0,
   49,   5,BN01, 4254.60, 7042.20,2006-07-15:08:00,                ,     ,     ,   20,   8,    0,    1,    5,   20.0,
   49,   5,BN01, 4254.60, 7042.20,2006-07-19:06:41,                ,     ,     ,   20,   8,    5,    1,    3,   20.0,
   49,   5,BN01, 4254.60, 7042.20,2006-07-22:06:05,                ,     ,     ,   20,   8,    7,    3,    1,   20.0,
   49,   5,BN01, 4254.60, 7042.20,2006-07-26:06:50,                ,     ,     ,   20,   8,    7,    4,    0,   20.0,
   49,   5,BN01, 4254.60, 7042.20,2006-07-29:07:27,                ,     ,     ,   20,   8,    6,    3,    2,   20.0,
   49,   5,BN01, 4254.60, 7042.20,2006-08-01:06:54,                ,     ,     ,   20,   8,    9,    4,    2,   20.0,
   49,   5,BN01, 4254.60, 7042.20,2006-08-05:06:51,                ,     ,     ,   20,   8,    7,    3,    4,   20.0,
   49,   5,BN01, 4254.60, 7042.20,2006-08-08:07:37,                ,     ,     ,   20,   8,   11,    1,    2,   20.0,
   49,   5,BN01, 4254.60, 7042.20,2006-08-12:08:21,                ,     ,     ,   20,   8,    2,    1,    2,   20.0,
   49,   5,BN01, 4254.60, 7042.20,2006-08-16:09:04,                ,     ,     ,   20,   8,    5,    0,    2,   20.0,
   49,   5,BN01, 4254.60, 7042.20,2006-08-21:08:03,                ,     ,     ,   20,   8,   13,    4,    0,   20.0,
   49,   5,BN01, 4254.60, 7042.20,2006-08-26:07:57,                ,     ,     ,   20,   8,   11,    2,    1,   20.0,
   49,   5,BN01, 4254.60, 7042.20,2006-08-31:08:44,                ,     ,     ,   20,   8,   12,    7,    0,   20.0,
   49,   5,BN01, 4254.60, 7042.20,2006-09-06:08:39,                ,     ,     ,   20,   8,    8,    4,    2,   20.0,
   49,   5,BN01, 4254.60, 7042.20,2006-09-10:07:52,                ,     ,     ,   20,   8,    6,    2,    0,   20.0,
   49,   5,BN01, 4254.60, 7042.20,2006-09-19:10:19,                ,     ,     ,   20,   8,   15,    4,    2,   20.0,
   49,   5,BN01, 4254.60, 7042.20,2006-09-24:11:28,                ,     ,     ,   20,   8,    5,    0,    1,   20.0,
   49,   5,BN01, 4254.60, 7042.20,2006-09-30:10:28,                ,     ,     ,   20,   8,    4,    5,    1,   20.0,
   49,   5,BN01, 4254.60, 7042.20,2006-10-08:07:56,                ,     ,     ,   20,   8,    7,    4,    4,   20.0,
   49,   5,BN01, 4254.60, 7042.20,2006-10-14:07:45,                ,     ,     ,   20,   8,    9,   10,    5,   20.0,
   49,   5,BN01, 4254.60, 7042.20,2006-10-19:09:52,                ,     ,     ,   20,   8,    5,    2,    4,   20.0,
   49,   5,BN01, 4254.60, 7042.20,2006-10-24:11:59,                ,     ,     ,   20,   8,    8,    4,    3,   20.0,
   49,   5,BN01, 4254.60, 7042.20,2006-10-27:08:17,                ,     ,     ,   20,   8,    6,    6,    1,   20.0,
   49,   5,BN01, 4254.60, 7042.20,2006-11-03:07:43,                ,     ,     ,   20,   8,    9,   12,    8,   20.0,
   49,   5,BN01, 4254.60, 7042.20,2006-11-07:08:37,                ,     ,     ,   20,   8,    6,   13,    1,   20.0,
   49,   5,BN01, 4254.60, 7042.20,2006-11-15:10:01,                ,     ,     ,   20,   8,   13,   10,    7,   20.0,
   49,   5,BN01, 4254.60, 7042.20,2006-11-20:10:19,                ,     ,     ,   20,   8,    8,   11,    7,   20.0,
   49,   5,BN01, 4254.60, 7042.20,2006-11-27:10:48,                ,     ,     ,   20,   8,   11,    9,    3,   20.0,
   49,   5,BN01, 4254.60, 7042.20,2006-12-04:09:47,                ,     ,     ,   20,   8,   19,    4,    5,   20.0,
   49,   5,BN01, 4254.60, 7042.20,2006-12-14:09:40,                ,     ,     ,   20,   8,   15,    2,    3,   20.0,
   49,   5,BN01, 4254.60, 7042.20,2006-12-20:09:44,                ,     ,     ,   20,   8,    7,    8,    3,   20.0,
   49,   5,BN01, 4254.60, 7042.20,2006-12-30:09:12,                ,     ,     ,   20,   8,    8,    2,    1,   20.0,
   49,   5,BN01, 4254.60, 7042.20,2007-01-13:11:10,                ,     ,     ,   20,   8,    6,    1,    2,   20.0,
  936,    ,BN01, 4254.64, 7042.24,2007-01-28:09:51,                ,     ,     ,   20,   8,    5,    1,    2,   20.0,
  936,    ,BN01, 4254.64, 7042.24,2007-02-10:09:57,                ,     ,     ,   20,   8,    0,    0,    1,   20.0,
  936,    ,BN01, 4254.64, 7042.24,2007-02-21:06:05,                ,     ,     ,   20,   8,    0,    0,    2,   20.0,
  936,    ,BN01, 4254.64, 7042.24,2007-03-01:08:03,                ,     ,     ,   20,   8,    0,    0,    1,   20.0,
  936,    ,BN01, 4254.64, 7042.24,2007-03-14:08:27,                ,     ,     ,   20,   8,    0,    0,    1,   20.0,
  936,    ,BN01, 4254.64, 7042.24,2007-03-26:08:56,                ,     ,     ,   20,   8,    0,    1,    1,   20.0,
  936,    ,BN01, 4254.64, 7042.24,2007-04-11:08:02,                ,     ,     ,   20,   8,    1,    0,    5,   20.0,
  936,    ,BN01, 4254.64, 7042.24,2007-04-21:10:03,                ,     ,     ,   20,   8,    1,    0,    0,   20.0,
  936,    ,BN01, 4254.64, 7042.24,2007-04-26:06:06,                ,     ,     ,   20,   8,    3,    3,    3,   20.0,
  936,    ,BN01, 4254.64, 7042.24,2007-05-03:10:18,                ,     ,     ,   20,   8,    1,    0,    2,   20.0,
  936,    ,BN01, 4254.64, 7042.24,2007-05-13:10:44,                ,     ,     ,   20,   8,    1,    1,    3,   20.0,
  936,    ,BN01, 4254.64, 7042.24,2007-05-20:10:56,                ,     ,     ,   20,   8,    2,    6,    5,   20.0,
  936,    ,BN01, 4254.64, 7042.24,2007-05-31:06:21,                ,     ,     ,   20,   8,    1,    1,    3,   20.0,
  936,    ,BN01, 4254.64, 7042.24,2007-06-07:09:11,                ,     ,     ,   20,   8,    2,    1,    0,   20.0,
  936,    ,BN01, 4254.64, 7042.24,2007-06-16:08:24,                ,     ,     ,   20,   8,    3,    1,    1,   20.0,
  936,    ,BN01, 4254.64, 7042.24,2007-06-29:09:02,                ,     ,     ,   20,   8,    6,    1,    2,   20.0,
  936,    ,BN01, 4254.64, 7042.24,2007-07-05:09:37,                ,     ,     ,   20,   8,    2,    2,    0,   20.0,
  936,    ,BN01, 4254.64, 7042.24,2007-07-12:10:18,                ,     ,     ,   20,   8,    9,    1,    2,   20.0,
  936,    ,BN01, 4254.64, 7042.24,2007-07-16:08:26,                ,     ,     ,   20,   8,    1,    1,    0,   20.0,
  936,    ,BN01, 4254.64, 7042.24,2007-07-21:07:34,                ,     ,     ,   20,   8,    8,    1,    0,   20.0,
  936,    ,BN01, 4254.64, 7042.24,2007-07-26:05:55,                ,     ,     ,   20,   8,    5,    1,    1,   20.0,
  936,    ,BN01, 4254.64, 7042.24,2007-07-26:08:17,                ,     ,     ,   20,   8,    2,    3,    2,   20.0,
  936,    ,BN01, 4254.64, 7042.24,2007-08-02:07:04,                ,     ,     ,   20,   8,    5,    0,    2,   20.0,
  936,    ,BN01, 4254.64, 7042.24,2007-08-06:05:58,                ,     ,     ,   20,   8,    1,    0,    3,   20.0,
  936,    ,BN01, 4254.64, 7042.24,2007-08-10:06:04,                ,     ,     ,   20,   8,    7,    5,    4,   20.0,
  936,    ,BN01, 4254.64, 7042.24,2007-08-17:06:22,                ,     ,     ,   20,   8,    8,    2,    3,   20.0,
  936,    ,BN01, 4254.64, 7042.24,2007-08-21:07:34,                ,     ,     ,   20,   8,    9,    0,    4,   20.0,
  936,    ,BN01, 4254.64, 7042.24,2007-08-25:06:22,                ,     ,     ,   20,   8,    7,    0,    1,   20.0,
  936,    ,BN01, 4254.64, 7042.24,2007-08-29:08:08,                ,     ,     ,   20,   8,    3,    0,    0,   20.0,
  936,    ,BN01, 4254.64, 7042.24,2007-09-01:06:00,                ,     ,     ,   20,   8,    7,    1,    1,   20.0,
  936,    ,BN01, 4254.64, 7042.24,2007-09-05:07:51,                ,     ,     ,   20,   8,    8,    3,    4,   20.0,
  936,    ,BN01, 4254.64, 7042.24,2007-09-08:06:58,                ,     ,     ,   20,   8,    2,    2,    1,   20.0,
  936,    ,BN01, 4254.64, 7042.24,2007-09-13:07:01,                ,     ,     ,   20,   8,   10,    0,    3,   20.0,
  936,    ,BN01, 4254.64, 7042.24,2007-09-18:07:16,                ,     ,     ,   20,   8,   12,    1,    5,   20.0,
  936,    ,BN01, 4254.64, 7042.24,2007-09-23:06:38,                ,     ,     ,   20,   8,    9,    1,    2,   20.0,
  936,    ,BN01, 4254.64, 7042.24,2007-09-28:08:33,                ,     ,     ,   20,   8,    3,    2,    2,   20.0,
  936,    ,BN01, 4254.64, 7042.24,2007-10-02:07:36,                ,     ,     ,   20,   8,    4,    0,    1,   20.0,
  936,    ,BN01, 4254.64, 7042.24,2007-10-06:07:35,                ,     ,     ,   20,   8,    3,    3,    3,   20.0,
  936,    ,BN01, 4254.64, 7042.24,2007-10-11:08:00,                ,     ,     ,   20,   8,    4,    1,    4,   20.0,
  936,    ,BN01, 4254.64, 7042.24,2007-10-17:09:18,                ,     ,     ,   20,   8,    6,    2,    3,   20.0,
  936,    ,BN01, 4254.64, 7042.24,2007-10-21:08:09,                ,     ,     ,   20,   8,   11,    3,    3,   20.0,
  936,    ,BN01, 4254.64, 7042.24,2007-10-30:08:31,                ,     ,     ,   20,   8,    1,    1,    1,   20.0,
  936,    ,BN01, 4254.64, 7042.24,2007-11-05:09:21,                ,     ,     ,   20,   8,    4,    5,   15,   20.0,
  936,    ,BN01, 4254.64, 7042.24,2007-11-13:07:59,                ,     ,     ,   20,   8,   11,    7,    7,   20.0,
  936,    ,BN01, 4254.64, 7042.24,2007-11-20:08:01,                ,     ,     ,   20,   8,   10,    4,    4,   20.0,
 6207,   6,BN01, 4254.64, 7042.24,2007-11-28:10:04,                ,     ,     ,   20,   8,    6,    4,    4,   20.0,
 6207,   6,BN01, 4254.64, 7042.24,2007-12-12:08:32,                ,     ,     ,   20,   8,    7,    1,    6,   20.0,
 6207,   6,BN01, 4254.64, 7042.24,2007-12-19:07:14,                ,     ,     ,   20,   8,    8,    4,    0,   20.0,
 6207,   6,BN01, 4254.64, 7042.24,2007-12-28:08:49,                ,     ,     ,   20,   8,    7,    2,    3,   20.0,
 6207,   6,BN01, 4254.64, 7042.24,2008-01-06:08:09,                ,     ,     ,   20,   8,   10,    2,    0,   20.0,
 6207,   6,BN01, 4254.64, 7042.24,2008-01-13:08:11,                ,     ,     ,   20,   8,    5,    1,    2,   20.0,
 6207,   6,BN01, 4254.64, 7042.24,2008-01-23:10:20,                ,     ,     ,   20,   8,    4,    2,    1,   20.0,
 6207,   6,BN01, 4254.64, 7042.24,2008-02-03:07:12,                ,     ,     ,   20,   8,    4,    0,    8,   20.0,
 6207,   6,BN01, 4254.64, 7042.24,2008-02-09:08:40,                ,     ,     ,   20,   8,    1,    0,    1,   20.0,
 6207,   6,BN01, 4254.64, 7042.24,2008-02-22:06:35,                ,     ,     ,   20,   8,    2,    0,    1,   20.0,
 6207,   6,BN01, 4254.64, 7042.24,2008-02-29:06:50,                ,     ,     ,   20,   8,    2,    0,    1,   20.0,
 6207,   6,BN01, 4254.64, 7042.24,2008-03-07:06:22,                ,     ,     ,   20,   8,    0,    0,    1,   20.0,
 6207,   6,BN01, 4254.64, 7042.24,2008-03-24:06:30,                ,     ,     ,   20,   8,    2,    0,    2,   20.0,
 6207,   6,BN01, 4254.64, 7042.24,2008-04-03:07:00,                ,     ,     ,   20,   8,    4,    1,    3,   20.0,
 6207,   6,BN01, 4254.64, 7042.24,2008-04-11:06:34,                ,     ,     ,   20,   8,    1,    3,    6,   20.0,
 6207,   6,BN01, 4254.64, 7042.24,2008-04-18:06:30,                ,     ,     ,   20,   8,    3,    1,    3,   20.0,
 6207,   6,BN01, 4254.64, 7042.24,2008-04-22:06:06,                ,     ,     ,   20,   8,    0,    1,    4,   20.0,
 6207,   6,BN01, 4254.64, 7042.24,2008-05-15:09:32,                ,     ,     ,   20,   8,    5,    3,    4,   20.0,
 6207,   6,BN01, 4254.64, 7042.24,2008-05-22:10:42,                ,     ,     ,   20,   8,    1,    0,    3,   20.0,
 6207,   6,BN01, 4254.64, 7042.24,2008-06-08:10:24,                ,     ,     ,   20,   8,    0,    0,    2,   20.0,
 6207,   6,BN01, 4254.64, 7042.24,2008-06-24:08:05,                ,     ,     ,   20,   8,    1,    2,    2,   20.0,
 6207,   6,BN01, 4254.64, 7042.24,2008-07-03:06:34,                ,     ,     ,   20,   8,    3,    2,    1,   20.0,
 6207,   6,BN01, 4254.64, 7042.24,2008-07-16:10:28,                ,     ,     ,   20,   8,    0,    4,    2,   20.0,
 6207,   6,BN01, 4254.64, 7042.24,2008-08-02:06:18,                ,     ,     ,   20,   8,    1,    4,    0,   20.0,
 6207,   6,BN01, 4254.64, 7042.24,2008-08-15:06:18,                ,     ,     ,   20,   8,    9,    5,    0,   20.0,
 6207,   6,BN01, 4254.64, 7042.24,2008-08-20:07:46,                ,     ,     ,   20,   8,    3,    0,    0,   20.0,
 6207,   6,BN01, 4254.64, 7042.24,2008-08-23:08:08,                ,     ,     ,   20,   8,    2,    1,    0,   20.0,
 6207,   6,BN01, 4254.64, 7042.24,2008-08-26:08:56,                ,     ,     ,   20,   8,    5,    0,    1,   20.0,
 6207,   6,BN01, 4254.64, 7042.24,2008-08-31:07:23,                ,     ,     ,   20,   8,   10,    1,    1,   20.0,
 6207,   6,BN01, 4254.64, 7042.24,2008-09-04:08:11,                ,     ,     ,   20,   8,    7,    1,    4,   20.0,
 6207,   6,BN01, 4254.64, 7042.24,2008-09-08:09:14,                ,     ,     ,   20,   8,   10,    2,    1,   20.0,
 6207,   6,BN01, 4254.64, 7042.24,2008-09-13:07:13,                ,     ,     ,   20,   8,   10,    1,    2,   20.0,
 6207,   6,BN01, 4254.64, 7042.24,2008-09-18:07:28,                ,     ,     ,   20,   8,    5,    1,    2,   20.0,
 6207,   6,BN01, 4254.64, 7042.24,2008-09-27:09:28,                ,     ,     ,   20,   8,    7,    2,    3,   20.0,
 6200,   7,BN01, 4254.64, 7042.24,2008-10-02:08:47,                ,     ,     ,   20,   8,   11,    5,    4,   20.0,
 6200,   7,BN01, 4254.64, 7042.24,2008-10-06:07:44,                ,     ,     ,   20,   8,    4,    4,    1,   20.0,
 6200,   7,BN01, 4254.64, 7042.24,2008-10-11:07:44,                ,     ,     ,   20,   8,    5,    3,    8,   20.0,
 6200,   7,BN01, 4254.64, 7042.24,2008-10-15:06:50,                ,     ,     ,   20,   8,    7,    3,    2,   20.0,
 6200,   7,BN01, 4254.64, 7042.24,2008-10-25:07:36,                ,     ,     ,   20,   8,    7,    6,    6,   20.0,
 6200,   7,BN01, 4254.64, 7042.24,2008-11-01:09:30,                ,     ,     ,   20,   8,   13,    7,    4,   20.0,
 6200,   7,BN01, 4254.64, 7042.24,2008-11-05:08:25,                ,     ,     ,   20,   8,    8,    5,    8,   20.0,
 6200,   7,BN01, 4254.64, 7042.24,2008-11-10:08:57,                ,     ,     ,   20,   8,   13,    7,    5,   20.0,
 6200,   7,BN01, 4254.64, 7042.24,2008-11-20:08:04,                ,     ,     ,   20,   8,   12,    7,    3,   20.0,
 6200,   7,BN01, 4254.64, 7042.24,2008-11-28:08:55,                ,     ,     ,   20,   8,   13,    7,    8,   20.0,
 6200,   7,BN01, 4254.64, 7042.24,2008-12-05:08:34,                ,     ,     ,   20,   8,   10,    1,    9,   20.0,
 6200,   7,BN01, 4254.64, 7042.24,2008-12-15:08:50,                ,     ,     ,   20,   8,    4,    5,    8,   20.0,
 6200,   7,BN01, 4254.64, 7042.24,2008-12-27:09:05,                ,     ,     ,   20,   8,    9,    1,    6,   20.0,
 6200,   7,BN01, 4254.64, 7042.24,2009-01-05:11:22,                ,     ,     ,   20,   8,    4,    1,    3,   20.0,
 6200,   7,BN01, 4254.64, 7042.24,2009-01-10:08:50,                ,     ,     ,   20,   8,    2,    1,    2,   20.0,
 6200,   7,BN01, 4254.64, 7042.24,2009-01-30:09:23,                ,     ,     ,   20,   8,    4,    1,    1,   20.0,
 6200,   7,BN01, 4254.64, 7042.24,2009-02-07:09:05,                ,     ,     ,   20,   8,    1,    1,    1,   20.0,
 6200,   7,BN01, 4254.64, 7042.24,2009-02-16:09:38,                ,     ,     ,   20,   8,    1,    0,    1,   20.0,
 6200,   7,BN01, 4254.64, 7042.24,2009-02-26:10:14,                ,     ,     ,   20,   8,    0,    0,    1,   20.0,
 6200,   7,BN01, 4254.64, 7042.24,2009-03-14:07:49,                ,     ,     ,   20,   8,    0,    0,    1,   20.0,
 6200,   7,BN01, 4254.64, 7042.24,2009-03-27:06:33,                ,     ,     ,   20,   8,    1,    0,    6,   20.0,
 6200,   8,BN01, 4254.64, 7042.24,2009-04-10:06:10,                ,     ,     ,   20,   8,    1,    0,    2,   20.0,
 6200,   8,BN01, 4254.64, 7042.24,2009-05-09:06:10,                ,     ,     ,   20,   8,    9,    5,    7,   20.0,
 6200,   8,BN01, 4254.64, 7042.24,2009-05-16:07:57,                ,     ,     ,   20,   8,    2,    3,    8,   20.0,
 6200,   8,BN01, 4254.64, 7042.24,2009-05-20:09:20,                ,     ,     ,   20,   8,    0,    0,    8,   20.0,
 6200,   8,BN01, 4254.64, 7042.24,2009-05-25:10:47,                ,     ,     ,   20,   8,    2,    3,    5,   20.0,
 6200,   8,BN01, 4254.64, 7042.24,2009-06-05:10:55,                ,     ,     ,   20,   8,    1,    2,    6,   20.0,
 6200,   8,BN01, 4254.64, 7042.24,2009-07-10:06:25,                ,     ,     ,   20,   8,    2,    3,    3,   20.0,
 6200,   8,BN01, 4254.64, 7042.24,2009-07-19:06:31,                ,     ,     ,   20,   8,    3,    7,    4,   20.0,
 6200,   8,BN01, 4254.64, 7042.24,2009-07-28:06:52,                ,     ,     ,   20,   8,    5,    8,    3,   20.0,
 6200,   8,BN01, 4254.64, 7042.24,2009-07-31:06:35,                ,     ,     ,   20,   8,    4,    2,    2,   20.0,
 6200,   8,BN01, 4254.64, 7042.24,2009-08-03:07:29,                ,     ,     ,   20,   8,    5,    7,    1,   20.0,
 6200,   8,BN01, 4254.64, 7042.24,2009-08-08:06:30,                ,     ,     ,   20,   8,    5,    5,    5,   20.0,
 6200,   8,BN01, 4254.64, 7042.24,2009-08-11:07:35,                ,     ,     ,   20,   8,    5,    1,    4,   20.0,
 6200,   8,BN01, 4254.64, 7042.24,2009-08-14:07:00,                ,     ,     ,   20,   8,    7,    1,    6,   20.0,
 6200,   8,BN01, 4254.64, 7042.24,2009-08-19:07:05,                ,     ,     ,   20,   8,   10,    2,    7,   20.0,
 6200,   8,BN01, 4254.64, 7042.24,2009-08-24:06:25,                ,     ,     ,   20,   8,    9,    3,   11,   20.0,
 6200,   8,BN01, 4254.64, 7042.24,2009-08-28:07:35,                ,     ,     ,   20,   8,   16,    1,    4,   20.0,
 6200,   8,BN01, 4254.64, 7042.24,2009-09-02:07:28,                ,     ,     ,   20,   8,    8,    1,    5,   20.0,
 6200,   8,BN01, 4254.64, 7042.24,2009-09-07:06:46,                ,     ,     ,   20,   8,    8,    3,   10,   20.0,
 6200,   8,BN01, 4254.64, 7042.24,2009-09-13:07:34,                ,     ,     ,   20,   8,   12,    0,    3,   20.0,
 6200,   8,BN01, 4254.64, 7042.24,2009-09-18:07:30,                ,     ,     ,   20,   8,    4,    2,    4,   20.0,
 6200,   8,BN01, 4254.64, 7042.24,2009-09-23:07:34,                ,     ,     ,   20,   8,    4,    2,    7,   20.0,
 6200,   8,BN01, 4254.64, 7042.24,2009-09-28:07:31,                ,     ,     ,   20,   8,    3,    3,   12,   20.0,
 6200,   8,BN01, 4254.64, 7042.24,2009-10-06:08:00,                ,     ,     ,   20,   8,    8,    5,   11,   20.0,
 6200,   8,BN01, 4254.64, 7042.24,2009-10-10:07:57,                ,     ,     ,   20,   8,    8,    4,    6,   20.0,
 6200,   8,BN01, 4254.64, 7042.24,2009-10-15:11:36,                ,     ,     ,   20,   8,    8,    2,    8,   20.0,
 6200,   8,BN01, 4254.64, 7042.24,2009-10-23:06:36,                ,     ,     ,   20,   8,    6,    5,   12,   20.0,
 6200,   8,BN01, 4254.64, 7042.24,2009-10-30:06:51,                ,     ,     ,   20,   8,   10,    7,    4,   20.0,
 6200,   9,BN01, 4254.64, 7042.24,2009-11-04:06:25,                ,     ,     ,   20,   8,    5,    9,   10,   20.0,
 6200,   8,BN01, 4254.64, 7042.24,2009-11-04:06:25,                ,     ,     ,   20,   8,    9,    5,   15,   20.0,
 6200,   8,BN01, 4254.64, 7042.24,2009-11-09:06:24,                ,     ,     ,   20,   8,    9,    8,   14,   20.0,
 6200,   8,BN01, 4254.64, 7042.24,2009-11-17:06:35,                ,     ,     ,   20,   8,   15,    7,    7,   20.0,
 6200,   8,BN01, 4254.64, 7042.24,2009-11-22:06:16,                ,     ,     ,   20,   8,    6,    5,    4,   20.0,
 6200,   8,BN01, 4254.64, 7042.24,2009-11-30:06:36,                ,     ,     ,   20,   8,   14,    8,    0,   20.0,
 6200,   8,BN01, 4254.64, 7042.24,2009-12-05:06:16,                ,     ,     ,   20,   8,   22,    3,   14,   20.0,
 6200,   8,BN01, 4254.64, 7042.24,2009-12-15:06:47,                ,     ,     ,   20,   8,   11,    4,    4,   20.0,
 6200,   8,BN01, 4254.64, 7042.24,2009-12-31:07:05,                ,     ,     ,   20,   8,   11,    5,    4,   20.0,
 6200,   8,BN01, 4254.64, 7042.24,2010-01-11:10:25,                ,     ,     ,   20,   8,    6,    2,    5,   20.0,
 6200,   8,BN01, 4254.64, 7042.24,2010-01-17:08:10,                ,     ,     ,   20,   8,    0,    0,    1,   20.0,
 6200,   8,BN01, 4254.64, 7042.24,2010-02-02:08:14,                ,     ,     ,   20,   8,    2,    2,    2,   20.0,
 6200,   8,BN01, 4254.64, 7042.24,2010-02-28:12:45,                ,     ,     ,   20,   8,    2,    2,    3,   20.0,
 6200,   8,BN01, 4254.64, 7042.24,2010-03-11:06:45,                ,     ,     ,   20,   8,    0,    0,    6,   20.0,
 6200,   8,BN01, 4254.64, 7042.24,2010-03-18:07:45,                ,     ,     ,   20,   8,    0,    0,    2,   20.0,
 6200,   8,BN01, 4254.64, 7042.24,2010-04-01:10:53,                ,     ,     ,   20,   8,    3,    1,    1,   20.0,
 5646,  10,BN01, 4254.64, 7042.24,2010-04-07:06:45,                ,     ,     ,   20,   8,    0,    6,    1,   20.0,
 5646,  10,BN01, 4254.64, 7042.24,2010-04-21:06:05,                ,     ,     ,   20,   8,    1,    3,   10,   20.0,
 5646,  10,BN01, 4254.64, 7042.24,2010-05-15:06:05,                ,     ,     ,   20,   8,    3,    3,    2,   20.0,
 5646,  10,BN01, 4254.64, 7042.24,2010-06-18:10:55,                ,     ,     ,   20,   8,    3,    3,    3,   20.0,
 5646,  10,BN01, 4254.64, 7042.24,2010-07-03:11:05,                ,     ,     ,   20,   8,    5,    4,    6,   20.0,
 5646,  10,BN01, 4254.64, 7042.24,2010-07-14:06:40,                ,     ,     ,   20,   8,    5,    5,    6,   20.0,
 5646,  10,BN01, 4254.64, 7042.24,2010-07-23:06:30,                ,     ,     ,   20,   8,    5,    3,    4,   20.0,
 5646,  10,BN01, 4254.64, 7042.24,2010-07-30:08:00,                ,     ,     ,   20,   8,    4,    3,    0,   20.0,
 5646,  10,BN01, 4254.64, 7042.24,2010-08-07:07:48,                ,     ,     ,   20,   8,    7,    2,    2,   20.0,
 5646,  10,BN01, 4254.64, 7042.24,2010-08-10:09:38,                ,     ,     ,   20,   8,    4,    3,    0,   20.0,
 5646,  10,BN01, 4254.64, 7042.24,2010-08-13:09:00,                ,     ,     ,   20,   8,    5,    3,    1,   20.0,
 5646,  10,BN01, 4254.64, 7042.24,2010-08-17:09:06,                ,     ,     ,   20,   8,    8,    5,    5,   20.0,
 5646,  10,BN01, 4254.64, 7042.24,2010-08-21:08:45,                ,     ,     ,   20,   8,   14,    2,    3,   20.0,
 5646,  10,BN01, 4254.64, 7042.24,2010-08-28:10:30,                ,     ,     ,   20,   8,   34,    5,    3,   20.0,
 5646,  10,BN01, 4254.64, 7042.24,2010-09-02:07:40,                ,     ,     ,   20,   8,   29,    6,    7,   20.0,
 5646,  10,BN01, 4254.64, 7042.24,2010-09-06:08:38,                ,     ,     ,   20,   8,   19,    2,   10,   20.0,
 5646,  10,BN01, 4254.64, 7042.24,2010-09-10:08:40,                ,     ,     ,   20,   8,   17,    4,   16,   20.0,
 6200,   9,BN01, 4254.64, 7042.24,2010-09-13:10:30,                ,     ,     ,   20,   8,   11,    5,   11,   20.0,
 6200,   9,BN01, 4254.64, 7042.24,2010-09-18:08:45,                ,     ,     ,   20,   8,   11,    7,    8,   20.0,
 6200,   9,BN01, 4254.64, 7042.24,2010-09-25:10:30,                ,     ,     ,   20,   8,   16,   11,    3,   20.0,
 6200,   9,BN01, 4254.64, 7042.24,2010-09-30:09:00,                ,     ,     ,   20,   8,    6,    6,    5,   20.0,
 6200,   9,BN01, 4254.64, 7042.24,2010-10-09:08:00,                ,     ,     ,   20,   8,    8,    5,    4,   20.0,
 6200,   9,BN01, 4254.64, 7042.24,2010-10-13:10:23,                ,     ,     ,   20,   8,   11,    4,   17,   20.0,
 6200,   9,BN01, 4254.64, 7042.24,2010-10-20:08:35,                ,     ,     ,   20,   8,    5,   12,    9,   20.0,
 6200,   9,BN01, 4254.64, 7042.24,2010-10-25:09:33,                ,     ,     ,   20,   8,    7,    6,    9,   20.0,
 6200,   9,BN01, 4254.64, 7042.24,2010-10-31:09:14,                ,     ,     ,   20,   8,   12,    7,   10,   20.0,
 6200,   9,BN01, 4254.64, 7042.24,2010-11-16:09:20,                ,     ,     ,   20,   8,    9,   10,    2,   20.0,
 6200,   9,BN01, 4254.64, 7042.24,2010-11-23:09:48,                ,     ,     ,   20,   8,   13,    8,   12,   20.0,
 6200,   9,BN01, 4254.64, 7042.24,2010-12-05:10:35,                ,     ,     ,   20,   8,   15,    3,    3,   20.0,
 5646,  10,BN01, 4254.64, 7042.24,2010-12-16:10:30,                ,     ,     ,   20,   8,   15,    3,    3,   20.0,
 5646,  10,BN01, 4254.64, 7042.24,2010-12-30:10:15,                ,     ,     ,   20,   8,    6,    4,    6,   20.0,
 5646,  10,BN01, 4254.64, 7042.24,2011-01-05:11:05,                ,     ,     ,   20,   8,    3,    2,    5,   20.0,
 6283,  11,BN01, 4254.64, 7042.24,2011-01-06:10:00,                ,     ,     ,   20,   8,    3,    6,    3,   20.0,
 5646,  10,BN01, 4254.64, 7042.24,2011-01-11:08:30,                ,     ,     ,   20,   8,    4,    2,    8,   20.0,
 6283,  11,BN01, 4254.64, 7042.24,2011-01-19:11:00,                ,     ,     ,   20,   8,    2,    5,    2,   20.0,
 5646,  10,BN01, 4254.64, 7042.24,2011-01-20:08:20,                ,     ,     ,   20,   8,    1,    1,    2,   20.0,
 6283,  11,BN01, 4254.64, 7042.24,2011-01-26:09:45,                ,     ,     ,   20,   8,    1,    2,    2,   20.0,
 5646,  10,BN01, 4254.64, 7042.24,2011-01-28:11:40,                ,     ,     ,   20,   8,    0,    2,    2,   20.0,
 6283,  11,BN01, 4254.64, 7042.24,2011-02-02:09:05,                ,     ,     ,   20,   8,    3,    0,    0,   20.0,
 5646,  10,BN01, 4254.64, 7042.24,2011-03-14:09:24,                ,     ,     ,   20,   8,    1,    1,    0,   20.0,
 6283,  11,BN01, 4254.64, 7042.24,2011-03-30:09:47,                ,     ,     ,   20,   8,    1,    5,    3,   20.0,
 6283,  11,BN01, 4254.64, 7042.24,2011-04-08:06:10,                ,     ,     ,   20,   8,    1,    1,    5,   20.0,
 6283,  11,BN01, 4254.64, 7042.24,2011-04-22:06:15,                ,     ,     ,   20,   8,    4,    3,    2,   20.0,
 6283,  11,BN01, 4254.64, 7042.24,2011-04-30:11:40,                ,     ,     ,   20,   8,    5,    3,   14,   20.0,
 6283,  11,BN01, 4254.64, 7042.24,2011-05-25:11:15,                ,     ,     ,   20,   8,    2,    6,    5,   20.0,
 6283,  11,BN01, 4254.64, 7042.24,2011-06-16:10:35,                ,     ,     ,   20,   8,    3,    7,    6,   20.0,
 6283,  11,BN01, 4254.64, 7042.24,2011-07-12:06:32,                ,     ,     ,   20,   8,    5,    7,    5,   20.0,
 6283,  11,BN01, 4254.64, 7042.24,2011-07-18:07:02,                ,     ,     ,   20,   8,    6,    4,    7,   20.0,
 6283,  11,BN01, 4254.64, 7042.24,2011-07-23:06:18,                ,     ,     ,   20,   8,    8,    6,    6,   20.0,
 6283,  11,BN01, 4254.64, 7042.24,2011-07-27:06:15,                ,     ,     ,   20,   8,    6,    1,    4,   20.0,
 6283,  11,BN01, 4254.64, 7042.24,2011-07-30:08:05,                ,     ,     ,   20,   8,    4,    2,    2,   20.0,
 6283,  11,BN01, 4254.64, 7042.24,2011-08-03:07:15,                ,     ,     ,   20,   8,   13,    5,    3,   20.0,
 6283,  11,BN01, 4254.64, 7042.24,2011-08-06:07:35,                ,     ,     ,   20,   8,   10,    3,    2,   20.0,
 6283,  11,BN01, 4254.64, 7042.24,2011-08-12:07:40,                ,     ,     ,   20,   8,   22,    6,    5,   20.0,
 6283,  11,BN01, 4254.64, 7042.24,2011-08-17:07:25,                ,     ,     ,   20,   8,   24,    3,    5,   20.0,
 6283,  11,BN01, 4254.64, 7042.24,2011-08-20:07:30,                ,     ,     ,   20,   8,   15,    1,    6,   20.0,
 6283,  11,BN01, 4254.64, 7042.24,2011-08-23:09:43,                ,     ,     ,   20,   8,   14,    3,    4,   20.0,
 6283,  11,BN01, 4254.64, 7042.24,2011-08-27:11:25,                ,     ,     ,   20,   8,   15,    3,    6,   20.0,
 6283,  11,BN01, 4254.64, 7042.24,2011-09-02:06:45,                ,     ,     ,   20,   8,   14,    6,   12,   20.0,
 6283,  11,BN01, 4254.64, 7042.24,2011-09-08:07:58,                ,     ,     ,   20,   8,   10,    6,   21,   20.0,
 6283,  11,BN01, 4254.64, 7042.24,2011-09-12:07:49,                ,     ,     ,   20,   8,    7,    2,   13,   20.0,
 6283,  11,BN01, 4254.64, 7042.24,2011-09-17:07:50,                ,     ,     ,   20,   8,    7,    2,   12,   20.0,
 6283,  11,BN01, 4254.64, 7042.24,2011-09-21:07:50,                ,     ,     ,   20,   8,   10,    6,   16,   20.0,
 6283,  11,BN01, 4254.64, 7042.24,2011-09-25:08:08,                ,     ,     ,   20,   8,    8,    6,   18,   20.0,
 6283,  11,BN01, 4254.64, 7042.24,2011-10-01:08:10,                ,     ,     ,   20,   8,    5,    4,    8,   20.0,
 6283,  11,BN01, 4254.64, 7042.24,2011-10-07:08:14,                ,     ,     ,   20,   8,    8,   10,    6,   20.0,
 6283,  11,BN01, 4254.64, 7042.24,2011-10-11:08:32,                ,     ,     ,   20,   8,    8,    7,    4,   20.0,
 6283,  11,BN01, 4254.64, 7042.24,2011-10-18:08:40,                ,     ,     ,   20,   8,   11,   10,    9,   20.0,
 6283,  11,BN01, 4254.64, 7042.24,2011-10-23:09:45,                ,     ,     ,   20,   8,   18,   12,   14,   20.0,
 6283,  11,BN01, 4254.64, 7042.24,2011-10-28:08:45,                ,     ,     ,   20,   8,    8,    7,   16,   20.0,
 6283,  11,BN01, 4254.64, 7042.24,2011-11-03:09:10,                ,     ,     ,   20,   8,   11,   15,   11,   20.0,
 6283,  11,BN01, 4254.64, 7042.24,2011-11-08:08:05,                ,     ,     ,   20,   8,   13,   10,   12,   20.0,
 6283,  11,BN01, 4254.64, 7042.24,2011-11-13:08:00,                ,     ,     ,   20,   8,   15,   13,    6,   20.0,
 6283,  11,BN01, 4254.64, 7042.24,2011-11-22:08:45,                ,     ,     ,   20,   8,    9,    7,    5,   20.0,
 6283,  11,BN01, 4254.64, 7042.24,2011-11-29:08:30,                ,     ,     ,   20,   8,   14,   12,    8,   20.0,
 6283,  11,BN01, 4254.64, 7042.24,2011-12-05:08:55,                ,     ,     ,   20,   8,    8,   10,    9,   20.0,
 6283,  11,BN01, 4254.64, 7042.24,2011-12-13:09:10,                ,     ,     ,   20,   8,    9,    5,    2,   20.0,
 6283,  11,BN01, 4254.64, 7042.24,2011-12-17:12:25,                ,     ,     ,   20,   8,    3,    5,    8,   20.0,
 6283,  11,BN01, 4254.64, 7042.24,2011-12-23:10:05,                ,     ,     ,   20,   8,   10,    3,   11,   20.0,
 6283,  12,BN01, 4254.64, 7042.24,2012-03-07:06:20,                ,     ,     ,   20,   8,    0,     ,     ,   20.0,
 6283,  12,BN01, 4254.64, 7042.24,2012-03-17:09:40,                ,     ,     ,   20,   8,    1,    0,    0,   20.0,
 6283,  12,BN01, 4254.64, 7042.24,2012-03-23:09:40,                ,     ,     ,   20,   8,    0,    1,    0,   20.0,
 6283,  12,BN01, 4254.64, 7042.24,2012-04-13:11:26,                ,     ,     ,   20,   8,    1,    1,    1,   20.0,
 6283,  12,BN01, 4254.64, 7042.24,2012-05-05:11:40,                ,     ,     ,   20,   8,    7,    1,    0,   20.0,
 6283,  12,BN01, 4254.64, 7042.24,2012-05-13:06:34,                ,     ,     ,   20,   8,   11,    1,    4,   20.0,
 6283,  12,BN01, 4254.64, 7042.24,2012-05-19:06:55,                ,     ,     ,   20,   8,    8,    2,    1,   20.0,
 6283,  12,BN01, 4254.64, 7042.24,2012-05-22:06:15,                ,     ,     ,   20,   8,    9,    1,    4,   20.0,
 6283,  12,BN01, 4254.64, 7042.24,2012-05-25:07:15,                ,     ,     ,   20,   8,    7,    0,    3,   20.0,
 6283,  12,BN01, 4254.64, 7042.24,2012-05-29:08:50,                ,     ,     ,   20,   8,   15,    1,    3,   20.0,
 6283,  12,BN01, 4254.64, 7042.24,2012-06-07:08:50,                ,     ,     ,   20,   8,   16,    2,    2,   20.0,
 6283,  12,BN01, 4254.64, 7042.24,2012-06-12:09:00,                ,     ,     ,   20,   8,   17,    7,    1,   20.0,
 6283,  12,BN01, 4254.64, 7042.24,2012-06-17:09:16,                ,     ,     ,   20,   8,    8,    4,    1,   20.0,
 6283,  12,BN01, 4254.64, 7042.24,2012-06-24:08:25,                ,     ,     ,   20,   8,   12,    9,    8,   20.0,
 6283,  12,BN01, 4254.64, 7042.24,2012-06-30:08:18,                ,     ,     ,   20,   8,   18,    9,    7,   20.0,
 6283,  12,BN01, 4254.64, 7042.24,2012-07-04:09:22,                ,     ,     ,   20,   8,   17,    7,   10,   20.0,
 6283,  12,BN01, 4254.64, 7042.24,2012-07-08:09:30,                ,     ,     ,   20,   8,   17,    9,    8,   20.0,
 6283,  12,BN01, 4254.64, 7042.24,2012-07-12:10:35,                ,     ,     ,   20,   8,    8,    3,    9,   20.0,
 6283,  12,BN01, 4254.64, 7042.24,2012-07-16:10:30,                ,     ,     ,   20,   8,    9,    5,    8,   20.0,
 6283,  12,BN01, 4254.64, 7042.24,2012-07-20:10:50,                ,     ,     ,   20,   8,   10,    7,   14,   20.0,
 6283,  12,BN01, 4254.64, 7042.24,2012-07-24:11:55,                ,     ,     ,   20,   8,    7,    4,   11,   20.0,
 6283,  12,BN01, 4254.64, 7042.24,2012-07-29:09:33,                ,     ,     ,   20,   8,    5,    5,   11,   20.0,
 6283,  12,BN01, 4254.64, 7042.24,2012-08-02:11:12,                ,     ,     ,   20,   8,    8,    9,   10,   20.0,
 6283,  12,BN01, 4254.64, 7042.24,2012-08-04:07:30,                ,     ,     ,   20,   8,    8,    0,   17,   20.0,
 6283,  12,BN01, 4254.64, 7042.24,2012-08-08:07:32,                ,     ,     ,   20,   8,    8,    4,    9,   20.0,
 6283,  12,BN01, 4254.64, 7042.24,2012-08-12:08:10,                ,     ,     ,   20,   8,   13,    8,   12,   20.0,
 6283,  12,BN01, 4254.64, 7042.24,2012-08-16:09:00,                ,     ,     ,   20,   8,    7,    5,   10,   20.0,
 6283,  12,BN01, 4254.64, 7042.24,2012-08-20:08:55,                ,     ,     ,   20,   8,    7,    5,   12,   20.0,
 6283,  12,BN01, 4254.64, 7042.24,2012-08-24:08:35,                ,     ,     ,   20,   8,   11,    9,   11,   20.0,
 6283,  12,BN01, 4254.64, 7042.24,2012-08-28:08:25,                ,     ,     ,   20,   8,    7,    5,   18,   20.0,
 6283,  12,BN01, 4254.64, 7042.24,2012-09-01:08:35,                ,     ,     ,   20,   8,    3,    3,    6,   20.0,
 6283,  12,BN01, 4254.64, 7042.24,2012-09-06:08:20,                ,     ,     ,   20,   8,    8,    4,   12,   20.0,
 6283,  12,BN01, 4254.64, 7042.24,2012-09-10:09:00,                ,     ,     ,   20,   8,    6,    7,    5,   20.0,
 6283,  12,BN01, 4254.64, 7042.24,2012-09-15:08:55,                ,     ,     ,   20,   8,   12,   10,    5,   20.0,
 6283,  12,BN01, 4254.64, 7042.24,2012-09-20:09:25,                ,     ,     ,   20,   8,   10,    7,    4,   20.0,
 6283,  12,BN01, 4254.64, 7042.24,2012-09-28:09:00,                ,     ,     ,   20,   8,   11,    7,   18,   20.0,
 6283,  12,BN01, 4254.64, 7042.24,2012-10-03:09:05,                ,     ,     ,   20,   8,    8,   11,   10,   20.0,
 6283,  12,BN01, 4254.64, 7042.24,2012-10-07:11:15,                ,     ,     ,   20,   8,    5,   10,    7,   20.0,
 6283,  12,BN01, 4254.64, 7042.24,2012-10-13:11:20,                ,     ,     ,   20,   8,    6,   10,    6,   20.0,
 6283,  12,BN01, 4254.64, 7042.24,2012-10-19:10:20,                ,     ,     ,   20,   8,   13,    9,    3,   20.0,
 6283,  12,BN01, 4254.64, 7042.24,2012-10-24:10:10,                ,     ,     ,   20,   8,   10,   10,    8,   20.0,
 6283,  12,BN01, 4254.64, 7042.24,2012-11-02:08:50,                ,     ,     ,   20,   8,   10,   10,    5,   20.0,
 6283,  12,BN01, 4254.64, 7042.24,2012-11-06:11:00,                ,     ,     ,   20,   8,   17,   13,    4,   20.0,
 6283,  12,BN01, 4254.64, 7042.24,2012-11-12:08:25,                ,     ,     ,   20,   8,    7,    4,    1,   20.0,
 6283,  12,BN01, 4254.64, 7042.24,2012-11-19:08:50,                ,     ,     ,   20,   8,   12,   13,    4,   20.0,
 6283,  12,BN01, 4254.64, 7042.24,2012-11-27:08:50,                ,     ,     ,   20,   8,   19,   10,    2,   20.0,
 6283,  12,BN01, 4254.64, 7042.24,2012-12-04:08:30,                ,     ,     ,   20,   8,   11,    4,    4,   20.0,
 6283,  12,BN01, 4254.64, 7042.24,2012-12-12:11:55,                ,     ,     ,   20,   8,    7,    4,    3,   20.0,
 6283,  12,BN01, 4254.64, 7042.24,2013-01-06:09:55,                ,     ,     ,   20,   8,    0,    0,    1,   20.0,
 6283,  12,BN01, 4254.64, 7042.24,2013-01-11:09:50,                ,     ,     ,   20,   8,    6,    3,    7,   20.0,
 3944,  12,BN01, 4254.86, 7042.57,2013-01-28:09:50,                ,     ,     ,   20,   8,    3,    3,    2,   20.0,
 3944,  12,BN01, 4254.86, 7042.57,2013-02-23:09:55,                ,     ,     ,   20,   8,    1,    2,    0,   20.0,
 3944,  12,BN01, 4254.86, 7042.57,2013-03-16:09:45,                ,     ,     ,   20,   8,    0,    0,    0,   20.0,
 3944,  12,BN01, 4254.86, 7042.57,2013-03-27:09:15,                ,     ,     ,   20,   8,    2,    0,    2,   20.0,
 3944,  12,BN01, 4254.86, 7042.57,2013-03-31:09:40,                ,     ,     ,   20,   8,    0,    0,    3,   20.0,
 3944,  12,BN01, 4254.86, 7042.57,2013-04-01:06:45,                ,     ,     ,   20,   8,    2,    0,    9,   20.0,
 3944,  12,BN01, 4254.86, 7042.57,2013-04-05:04:40,                ,     ,     ,   20,   8,    0,    0,    7,   20.0,
 3944,  12,BN01, 4254.86, 7042.57,2013-04-09:05:50,                ,     ,     ,   20,   8,    7,    6,    5,   20.0,
 3944,  12,BN01, 4254.86, 7042.57,2013-04-10:07:18,                ,     ,     ,   20,   8,    0,    1,    0,   20.0,
 3944,  12,BN01, 4254.86, 7042.57,2013-04-15:06:30,                ,     ,     ,   20,   8,    2,    3,    4,   20.0,
 3944,  12,BN01, 4254.86, 7042.57,2013-04-16:05:55,                ,     ,     ,   20,   8,   10,    8,    5,   20.0,
 3944,  12,BN01, 4254.86, 7042.57,2013-04-23:05:25,                ,     ,     ,   20,   8,    9,    6,    2,   20.0,
 3944,  12,BN01, 4254.86, 7042.57,2013-05-18:11:17,                ,     ,     ,   20,   8,    8,    1,    4,   20.0,
 3944,  12,BN01, 4254.86, 7042.57,2013-05-30:04:10,                ,     ,     ,   20,   8,   14,    6,    2,   20.0,
 3944,  12,BN01, 4254.86, 7042.57,2013-07-02:05:21,                ,     ,     ,   20,   8,    4,    6,    9,   20.0,
 3944,  12,BN01, 4254.86, 7042.57,2013-07-15:06:35,                ,     ,     ,   20,   8,    7,    6,    2,   20.0,
 3944,  12,BN01, 4254.86, 7042.57,2013-07-19:07:10,                ,     ,     ,   20,   8,   12,    9,    9,   20.0,
 3944,  12,BN01, 4254.86, 7042.57,2013-07-23:11:50,                ,     ,     ,   20,   8,    5,    6,    9,   20.0,
 3944,  12,BN01, 4254.86, 7042.57,2013-07-27:11:00,                ,     ,     ,   20,   8,   11,    8,    7,   20.0,
 3944,  12,BN01, 4254.86, 7042.57,2013-08-01:07:05,                ,     ,     ,   20,   8,   11,    7,   13,   20.0,
 3944,  12,BN01, 4254.86, 7042.57,2013-08-05:08:00,                ,     ,     ,   20,   8,   16,    6,    3,   20.0,
 3944,  12,BN01, 4254.86, 7042.57,2013-08-09:09:15,                ,     ,     ,   20,   8,   14,    4,    8,   20.0,
 3944,  12,BN01, 4254.86, 7042.57,2013-08-14:09:30,                ,     ,     ,   20,   8,    7,    5,    7,   20.0,
 3944,  12,BN01, 4254.86, 7042.57,2013-08-18:10:05,                ,     ,     ,   20,   8,   10,   12,   11,   20.0,
 3944,  12,BN01, 4254.86, 7042.57,2013-08-22:10:45,                ,     ,     ,   20,   8,   13,    3,    7,   20.0,
 3944,  12,BN01, 4254.86, 7042.57,2013-08-24:09:40,                ,     ,     ,   20,   8,   13,    8,   12,   20.0,
 3944,  12,BN01, 4254.86, 7042.57,2013-08-31:10:20,                ,     ,     ,   20,   8,    6,    7,    4,   20.0,
 3944,  12,BN01, 4254.86, 7042.57,2013-09-04:11:30,                ,     ,     ,   20,   8,   11,    3,   12,   20.0,
 3944,  12,BN01, 4254.86, 7042.57,2013-09-06:11:15,                ,     ,     ,   20,   8,   10,    8,   20,   20.0,
 3944,  12,BN01, 4254.86, 7042.57,2013-09-10:08:24,                ,     ,     ,   20,   8,   11,    8,    4,   20.0,
 3944,  12,BN01, 4254.86, 7042.57,2013-09-14:06:05,                ,     ,     ,   20,   8,    5,    6,    4,   20.0,
 3944,  12,BN01, 4254.86, 7042.57,2013-09-18:10:00,                ,     ,     ,   20,   8,    5,    4,   14,   20.0,
 3944,  12,BN01, 4254.86, 7042.57,2013-09-21:04:58,                ,     ,     ,   20,   8,    8,    3,   14,   20.0,
 3944,  12,BN01, 4254.86, 7042.57,2013-09-27:09:35,                ,     ,     ,   20,   8,   11,    5,    8,   20.0,
 3944,  12,BN01, 4254.86, 7042.57,2013-10-01:07:00,                ,     ,     ,   20,   8,    3,    4,   11,   20.0,
 3944,  12,BN01, 4254.86, 7042.57,2013-10-17:08:10,                ,     ,     ,   20,   8,   14,    2,    1,   20.0,
 3944,  12,BN01, 4254.86, 7042.57,2013-10-23:08:00,                ,     ,     ,   20,   8,   11,    6,   15,   20.0,
 3944,  12,BN01, 4254.86, 7042.57,2013-11-05:08:50,                ,     ,     ,   20,   8,    6,    7,    7,   20.0,
 3944,  12,BN01, 4254.86, 7042.57,2013-11-13:08:00,                ,     ,     ,   20,   8,    7,    9,    7,   20.0,
 3944,  12,BN01, 4254.86, 7042.57,2013-11-17:08:40,                ,     ,     ,   20,   8,    8,   11,   12,   20.0,
 3944,  12,BN01, 4254.86, 7042.57,2013-11-29:08:15,                ,     ,     ,   20,   8,    8,    8,    4,   20.0,
 3944,  12,BN01, 4254.86, 7042.57,2013-12-05:08:50,                ,     ,     ,   20,   8,   21,    9,   11,   20.0,
 3944,  12,BN01, 4254.86, 7042.57,2013-12-19:09:00,                ,     ,     ,   20,   8,    7,    4,    1,   20.0,
 3944,  12,BN01, 4254.86, 7042.57,2013-12-24:05:00,                ,     ,     ,   20,   8,    4,    2,    3,   20.0,
 3944,  12,BN01, 4254.86, 7042.57,2013-12-31:09:10,                ,     ,     ,   20,   8,    9,    1,    4,   20.0,
 3944,  12,BN01, 4254.86, 7042.57,2014-01-10:10:50,                ,     ,     ,   20,   8,    5,    3,    1,   20.0,
 3944,  12,BN01, 4254.86, 7042.57,2014-01-14:11:15,                ,     ,     ,   20,   8,    4,    2,    0,   20.0,
 3944,  12,BN01, 4254.86, 7042.57,2014-02-07:02:02,                ,     ,     ,   20,   8,    7,    1,    3,   20.0,
 3944,  12,BN01, 4254.86, 7042.57,2014-03-07:11:00,                ,     ,     ,   20,   8,    5,    1,    3,   20.0,
 3944,  12,BN01, 4254.86, 7042.57,2014-03-19:10:35,                ,     ,     ,   20,   8,    0,    1,    0,   20.0,
 3944,  12,BN01, 4254.86, 7042.57,2014-03-25:10:30,                ,     ,     ,   20,   8,    0,    0,    0,   20.0,
 3944,  12,BN01, 4254.86, 7042.57,2014-04-03:12:35,                ,     ,     ,   20,   8,    0,    0,    4,   20.0,
 3944,  12,BN01, 4254.86, 7042.57,2014-04-10:09:55,                ,     ,     ,   20,   8,    4,    0,    0,   20.0,
 3944,  12,BN01, 4254.86, 7042.57,2014-05-14:10:36,                ,     ,     ,   20,   8,    4,    3,    1,   20.0,
 3944,  12,BN01, 4254.86, 7042.57,2014-06-14:08:15,                ,     ,     ,   20,   8,    7,    9,    7,   20.0,
 3944,  12,BN01, 4254.86, 7042.57,2014-06-20:05:55,                ,     ,     ,   20,   8,    3,   10,    7,   20.0,
 3944,  12,BN01, 4254.86, 7042.57,2014-06-26:10:10,                ,     ,     ,   20,   8,    3,    4,    1,   20.0,
 3944,  12,BN01, 4254.86, 7042.57,2014-07-01:08:40,                ,     ,     ,   20,   8,    2,    3,    4,   20.0,
 3944,  12,BN01, 4254.86, 7042.57,2014-07-19:09:35,                ,     ,     ,   20,   8,    3,   13,    2,   20.0,
 3944,  12,BN01, 4254.86, 7042.57,2014-07-25:09:35,                ,     ,     ,   20,   8,    4,   10,    1,   20.0,
 3944,  12,BN01, 4254.86, 7042.57,2014-08-06:07:20,                ,     ,     ,   20,   8,    4,   10,    3,   20.0,
 3944,  12,BN01, 4254.86, 7042.57,2014-08-16:07:00,                ,     ,     ,   20,   8,    7,   13,    4,   20.0,
 3944,  12,BN01, 4254.86, 7042.57,2014-08-22:04:46,                ,     ,     ,   20,   8,   14,    9,    5,   20.0,
 3944,  12,BN01, 4254.86, 7042.57,2014-08-25:08:24,                ,     ,     ,   20,   8,   12,    2,    7,   20.0,
 3944,  12,BN01, 4254.86, 7042.57,2014-08-28:08:10,                ,     ,     ,   20,   8,   14,    2,    4,   20.0,
 3944,  12,BN01, 4254.86, 7042.57,2014-08-31:08:15,                ,     ,     ,   20,   8,    9,    2,   13,   20.0,
 3944,  12,BN01, 4254.86, 7042.57,2014-09-03:09:45,                ,     ,     ,   20,   8,   11,    5,    2,   20.0,
 3944,  12,BN01, 4254.86, 7042.57,2014-09-06:09:15,                ,     ,     ,   20,   8,    8,    3,    8,   20.0,
 3944,  12,BN01, 4254.86, 7042.57,2014-09-11:09:35,                ,     ,     ,   20,   8,    8,    4,   12,   20.0,
 3944,  12,BN01, 4254.86, 7042.57,2014-09-17:07:20,                ,     ,     ,   20,   8,   16,    6,    7,   20.0,
 3944,  12,BN01, 4254.86, 7042.57,2014-09-21:07:40,                ,     ,     ,   20,   8,   10,    9,   14,   20.0,
 3944,  12,BN01, 4254.86, 7042.57,2014-09-25:07:35,                ,     ,     ,   20,   8,    9,    4,   13,   20.0,
 3944,  12,BN01, 4254.86, 7042.57,2014-10-06:10:05,                ,     ,     ,   20,   8,    9,    2,    5,   20.0,
 3944,  12,BN01, 4254.86, 7042.57,2014-10-10:04:18,                ,     ,     ,   20,   8,   13,    4,    8,   20.0,
 3944,  12,BN01, 4254.86, 7042.57,2014-10-15:09:25,                ,     ,     ,   20,   8,    8,    8,    6,   20.0,
 3944,  12,BN01, 4254.86, 7042.57,2014-10-20:09:47,                ,     ,     ,   20,   8,    7,    6,    2,   20.0,
 3944,  12,BN01, 4254.86, 7042.57,2014-11-06:11:55,                ,     ,     ,   20,   8,    9,    4,    2,   20.0,
 3944,  12,BN01, 4254.86, 7042.57,2014-11-11:10:35,                ,     ,     ,   20,   8,   12,   12,    4,   20.0,
 3944,  12,BN01, 4254.86, 7042.57,2014-11-14:12:20,                ,     ,     ,   20,   8,   19,    4,    3,   20.0,
 3944,  12,BN01, 4254.86, 7042.57,2014-11-16:11:35,                ,     ,     ,   20,   8,   12,    5,   13,   20.0,
 3944,  12,BN01, 4254.86, 7042.57,2014-11-20:10:15,                ,     ,     ,   20,   8,   14,    6,    4,   20.0,
 3944,  12,BN01, 4254.86, 7042.57,2014-11-26:07:45,                ,     ,     ,   20,   8,    8,   10,    5,   20.0,
 3944,  12,BN01, 4254.86, 7042.57,2014-12-02:08:15,                ,     ,     ,   20,   8,    6,    9,    3,   20.0,
 3944,  12,BN01, 4254.86, 7042.57,2014-12-15:08:35,                ,     ,     ,   20,   8,    4,    6,    4,   20.0,
 3944,  12,BN01, 4254.86, 7042.57,2014-12-27:08:30,                ,     ,     ,   20,   8,    6,   11,    7,   20.0,
 3944,  12,BN01, 4254.86, 7042.57,2015-01-03:09:55,                ,     ,     ,   20,   8,    8,    8,    7,   20.0,
 3944,  12,BN01, 4254.86, 7042.57,2015-01-21:09:55,                ,     ,     ,   20,   8,    2,    0,    2,   20.0,
 3944,  12,BN01, 4254.86, 7042.57,2015-02-07:10:30,                ,     ,     ,   20,   8,    0,    0,    5,   20.0,
 3944,  12,BN01, 4254.86, 7042.57,2015-03-13:10:00,                ,     ,     ,   20,   8,    2,    0,    2,   20.0,
 3944,  12,BN01, 4254.86, 7042.57,2015-03-21:09:40,                ,     ,     ,   20,   8,    0,    0,    1,   20.0,
 3944,  12,BN01, 4255.86, 7043.57,2015-03-27:09:40,                ,     ,     ,   20,   8,    0,    0,    0,   20.0,
